[
  {
    "timestamp": null,
    "device_id": "FABCEA8B-7EC8-2594-4879-2B3B63989660",
    "name": null,
    "rssi": null,
    "packet_counter": null,
    "sensor": {
      "vendor": "ThermoBeacon",
      "model": "TB2",
      "type": "temperature_humidity"
    },
    "internal": {
      "temperature": {
        "value": null,
        "unit": "°C"
      },
      "humidity": {
        "value": null,
        "unit": "%"
      }
    },
    "external": {
      "present": false,
      "temperature": {
        "value": null,
        "unit": "°C"
      },
      "humidity": {
        "value": null,
        "unit": "%"
      }
    },
    "vpd_internal": {
      "value": null,
      "unit": "kPa"
    },
    "vpd_external": {
      "value": null,
      "unit": "kPa"
    },
    "alive": false,
    "status": "offline",
    "last_seen": 124.21606206893921,
    "raw": null,
    "bridge_alive": false,
    "bridge_status": "STALE",
    "bridge_last_seen": 124.21606206893921,
    "health": {
      "uptime": {
        "value": null,
        "unit": "s"
      },
      "battery": {
        "value": null,
        "unit": "%",
        "voltage": null
      },
      "signal": {
        "rssi": null,
        "quality": null
      }
    }
  }
]